"DESCRIPTION","DURATION IN MS","NAME","PARENT SUITE","START TIME","STATUS","STOP TIME","SUB SUITE","SUITE","TEST CLASS","TEST METHOD"
"Edit SubType with name already exists
","21294","Test_EditSubType_WithNameAlreadyExists","TestX","2026-10-08","passed","2026-10-08","StockItemSubTypeTest","PeoTest","StockItemSubTypeTest","Test_EditSubType_WithNameAlreadyExists"
"","21609","EditCostOfActiveStock_ValidCost","TestX","2026-10-07","passed","2026-10-07","Stock_CatalogueTest","PeoTest","Stock_CatalogueTest","EditCostOfActiveStock_ValidCost"
"","23097","EditStatusOfExistingProductionShiftGroup","TestX","2026-10-07","passed","2026-10-07","Production_Shift_GroupTest","PeoTest","Production_Shift_GroupTest","EditStatusOfExistingProductionShiftGroup"
"Edit SubType with valid name
","24231","Test_EditSubType_WithValidName","TestX","2026-10-08","failed","2026-10-08","StockItemSubTypeTest","PeoTest","StockItemSubTypeTest","Test_EditSubType_WithValidName"
"","43599","TestCombinedFilters","TestX","2026-10-07","broken","2026-10-07","DrillbitsTest","PeoTest","DrillbitsTest","TestCombinedFilters"
"Edit SubType with valid Information
","20251","Test_EditSubType_WithValidInformation","TestX","2026-10-08","passed","2026-10-08","StockItemSubTypeTest","PeoTest","StockItemSubTypeTest","Test_EditSubType_WithValidInformation"
"","20673","EditCostOfActiveStock_InvalidCost","TestX","2026-10-07","passed","2026-10-07","Stock_CatalogueTest","PeoTest","Stock_CatalogueTest","EditCostOfActiveStock_InvalidCost"
"","20141","EditDescriptionOfActiveStock_ValidDescription","TestX","2026-10-07","passed","2026-10-07","Stock_CatalogueTest","PeoTest","Stock_CatalogueTest","EditDescriptionOfActiveStock_ValidDescription"
"","27861","EditStatusOfInActiveStock_ToInactive","TestX","2026-10-07","passed","2026-10-07","Stock_CatalogueTest","PeoTest","Stock_CatalogueTest","EditStatusOfInActiveStock_ToInactive"
"","24146","AddStockItemWithVeryLargeCost","TestX","2026-10-07","passed","2026-10-07","Stock_CatalogueTest","PeoTest","Stock_CatalogueTest","AddStockItemWithVeryLargeCost"
"","24267","SearchWithCombinedFilters_DisplaysOnlyMatchingResults","TestX","2026-10-07","passed","2026-10-07","Stock_CatalogueTest","PeoTest","Stock_CatalogueTest","SearchWithCombinedFilters_DisplaysOnlyMatchingResults"
"Rule 4: Cost cannot be negative - Error msg: Cost cannot be negative
","18982","Test_Rule4_NegativeCostError","TestX","2026-10-08","failed","2026-10-08","StockItemSubTypeTest","PeoTest","StockItemSubTypeTest","Test_Rule4_NegativeCostError"
"","16834","AddStockItemWithBlankUnits","TestX","2026-10-07","passed","2026-10-07","Stock_CatalogueTest","PeoTest","Stock_CatalogueTest","AddStockItemWithBlankUnits"
"","20632","EditUnitsOfActiveStock_AnotherUnit","TestX","2026-10-07","passed","2026-10-07","Stock_CatalogueTest","PeoTest","Stock_CatalogueTest","EditUnitsOfActiveStock_AnotherUnit"
"","13083","TestFilterByValidDateRange","TestX","2026-10-07","passed","2026-10-07","DrillbitsTest","PeoTest","DrillbitsTest","TestFilterByValidDateRange"
"","16402","SearchwithValidValue","TestX","2026-10-07","passed","2026-10-07","Production_Shift_GroupTest","PeoTest","Production_Shift_GroupTest","SearchwithValidValue"
"","23448","SearchWithNameFilterOnly_DisplaysCorrectResults","TestX","2026-10-07","passed","2026-10-07","Stock_CatalogueTest","PeoTest","Stock_CatalogueTest","SearchWithNameFilterOnly_DisplaysCorrectResults"
"Edit SubType: Boundary - Large cost value
","45561","Test_EditSubType_Boundary_LargeCostValue","TestX","2026-10-07","broken","2026-10-07","StockItemSubTypeTest","PeoTest","StockItemSubTypeTest","Test_EditSubType_Boundary_LargeCostValue"
"","19752","EditStatusOfActiveStock","TestX","2026-10-07","passed","2026-10-07","Stock_CatalogueTest","PeoTest","Stock_CatalogueTest","EditStatusOfActiveStock"
"","38607","EditUnitsOfActiveStock_ChangeMultipleTimes","TestX","2026-10-07","passed","2026-10-07","Stock_CatalogueTest","PeoTest","Stock_CatalogueTest","EditUnitsOfActiveStock_ChangeMultipleTimes"
"","18920","EditUnitsOfActiveStock_ValidUnit","TestX","2026-10-07","passed","2026-10-07","Stock_CatalogueTest","PeoTest","Stock_CatalogueTest","EditUnitsOfActiveStock_ValidUnit"
"","13841","selectSite3","TestX","2026-10-07","broken","2026-10-07","AddNewMovementTest","PeoTest","AddNewMovementTest","selectSite3"
"","11862","selectSite2","TestX","2026-10-07","broken","2026-10-07","AddNewMovementTest","PeoTest","AddNewMovementTest","selectSite2"
"","12333","selectMovementType2","TestX","2026-10-07","broken","2026-10-07","AddNewMovementTest","PeoTest","AddNewMovementTest","selectMovementType2"
"","25735","EditNameOfInactiveStock_ValidName","TestX","2026-10-07","passed","2026-10-07","Stock_CatalogueTest","PeoTest","Stock_CatalogueTest","EditNameOfInactiveStock_ValidName"
"","40333","EditMultipleFieldsInSequence","TestX","2026-10-07","passed","2026-10-07","Stock_CatalogueTest","PeoTest","Stock_CatalogueTest","EditMultipleFieldsInSequence"
"","19535","DeleteInactiveStock","TestX","2026-10-07","passed","2026-10-07","Stock_CatalogueTest","PeoTest","Stock_CatalogueTest","DeleteInactiveStock"
"","19984","EditPartNumberOfActiveStock_ValidPartNumber","TestX","2026-10-07","passed","2026-10-07","Stock_CatalogueTest","PeoTest","Stock_CatalogueTest","EditPartNumberOfActiveStock_ValidPartNumber"
"","25015","EditCostOfInactiveStock_ValidCost","TestX","2026-10-07","failed","2026-10-07","Stock_CatalogueTest","PeoTest","Stock_CatalogueTest","EditCostOfInactiveStock_ValidCost"
"Rule 5: Cost must be numeric - Error msg: Please enter a valid number
","18064","Test_Rule5_InvalidCostFormat","TestX","2026-10-08","passed","2026-10-08","StockItemSubTypeTest","PeoTest","StockItemSubTypeTest","Test_Rule5_InvalidCostFormat"
"","12560","TestClearFilters","TestX","2026-10-07","passed","2026-10-07","DrillbitsTest","PeoTest","DrillbitsTest","TestClearFilters"
"Rule 3: Type field is required - Error msg: This field is required
","16910","Test_Rule3_TypeFieldRequired","TestX","2026-10-08","passed","2026-10-08","StockItemSubTypeTest","PeoTest","StockItemSubTypeTest","Test_Rule3_TypeFieldRequired"
"","12541","selectSite1","TestX","2026-10-07","broken","2026-10-07","AddNewMovementTest","PeoTest","AddNewMovementTest","selectSite1"
"","20907","TestAddNewShiftType","TestX","2026-10-07","passed","2026-10-07","Production_Shift_Type_ConfigTest","PeoTest","Production_Shift_Type_ConfigTest","TestAddNewShiftType"
"","20037","EditCostOfActiveStock_NegativeCost","TestX","2026-10-07","failed","2026-10-07","Stock_CatalogueTest","PeoTest","Stock_CatalogueTest","EditCostOfActiveStock_NegativeCost"
"","21443","AddStockItemWithNameMaxLength","TestX","2026-10-07","passed","2026-10-07","Stock_CatalogueTest","PeoTest","Stock_CatalogueTest","AddStockItemWithNameMaxLength"
"Rule 2: Cannot create type if that type is created before - Error msg: Selected type already exists
","20021","Test_Rule2_DuplicateTypeError","TestX","2026-10-08","passed","2026-10-08","StockItemSubTypeTest","PeoTest","StockItemSubTypeTest","Test_Rule2_DuplicateTypeError"
"","26133","EditQRCodeOfActiveStock_WithSpecialCharacters","TestX","2026-10-07","failed","2026-10-07","Stock_CatalogueTest","PeoTest","Stock_CatalogueTest","EditQRCodeOfActiveStock_WithSpecialCharacters"
"","16862","AddStockItemWithNonExistingUnits","TestX","2026-10-07","passed","2026-10-07","Stock_CatalogueTest","PeoTest","Stock_CatalogueTest","AddStockItemWithNonExistingUnits"
"Edit SubType: Cost with special characters
","15293","Test_EditSubType_Rule5b_CostWithSpecialCharacters","TestX","2026-10-08","broken","2026-10-08","StockItemSubTypeTest","PeoTest","StockItemSubTypeTest","Test_EditSubType_Rule5b_CostWithSpecialCharacters"
"Edit SubType: Verify all fields can be updated together
","46463","Test_EditSubType_UpdateAllFields","TestX","2026-10-08","broken","2026-10-08","StockItemSubTypeTest","PeoTest","StockItemSubTypeTest","Test_EditSubType_UpdateAllFields"
"","46732","AddNewProductionShiftGroupWithAlredyExistsName","TestX","2026-10-07","broken","2026-10-07","Production_Shift_GroupTest","PeoTest","Production_Shift_GroupTest","AddNewProductionShiftGroupWithAlredyExistsName"
"","20815","AddStockItemWithNameAlreadyExistsSameStatus","TestX","2026-10-07","passed","2026-10-07","Stock_CatalogueTest","PeoTest","Stock_CatalogueTest","AddStockItemWithNameAlreadyExistsSameStatus"
"","20690","Test_AddSubTypeWithValidData","TestX","2026-10-07","passed","2026-10-07","StockItemSubTypeTest","PeoTest","StockItemSubTypeTest","Test_AddSubTypeWithValidData"
"Edit SubType: Decimal cost with precision
","45580","Test_EditSubType_DecimalCostPrecision","TestX","2026-10-07","broken","2026-10-07","StockItemSubTypeTest","PeoTest","StockItemSubTypeTest","Test_EditSubType_DecimalCostPrecision"
"","18217","EditDescriptionOfActiveStock_NullDescription","TestX","2026-10-07","passed","2026-10-07","Stock_CatalogueTest","PeoTest","Stock_CatalogueTest","EditDescriptionOfActiveStock_NullDescription"
"","16640","SearchWithCategoryFilterOnly_DisplaysCorrectResults","TestX","2026-10-07","passed","2026-10-07","Stock_CatalogueTest","PeoTest","Stock_CatalogueTest","SearchWithCategoryFilterOnly_DisplaysCorrectResults"
"","20381","EditStatusOfInActiveStock","TestX","2026-10-07","passed","2026-10-07","Stock_CatalogueTest","PeoTest","Stock_CatalogueTest","EditStatusOfInActiveStock"
"","20149","EditNameOfActiveStock_ExistingName","TestX","2026-10-07","passed","2026-10-07","Stock_CatalogueTest","PeoTest","Stock_CatalogueTest","EditNameOfActiveStock_ExistingName"
"Rule 3b: Cost field is required - Error msg: This field is required
","18249","Test_Rule3b_CostFieldRequired","TestX","2026-10-08","passed","2026-10-08","StockItemSubTypeTest","PeoTest","StockItemSubTypeTest","Test_Rule3b_CostFieldRequired"
"","25344","TestAddNewBlankShiftType","TestX","2026-10-07","failed","2026-10-07","Production_Shift_Type_ConfigTest","PeoTest","Production_Shift_Type_ConfigTest","TestAddNewBlankShiftType"
"","14060","TestFilterByEquipmentNotExits","TestX","2026-10-07","passed","2026-10-07","DrillbitsTest","PeoTest","DrillbitsTest","TestFilterByEquipmentNotExits"
"","24950","AddStockItemWithDecimalCost","TestX","2026-10-07","passed","2026-10-07","Stock_CatalogueTest","PeoTest","Stock_CatalogueTest","AddStockItemWithDecimalCost"
"","23661","Test","TestX","2026-10-07","passed","2026-10-07","StockItemSubTypeTest","PeoTest","StockItemSubTypeTest","Test"
"","24042","DisplayInactiveCheckbox_TogglesInactiveItems","TestX","2026-10-07","passed","2026-10-07","Stock_CatalogueTest","PeoTest","Stock_CatalogueTest","DisplayInactiveCheckbox_TogglesInactiveItems"
"Edit SubType: Boundary - Zero cost is allowed
","43801","Test_EditSubType_Boundary_ZeroCostAllowed","TestX","2026-10-07","broken","2026-10-07","StockItemSubTypeTest","PeoTest","StockItemSubTypeTest","Test_EditSubType_Boundary_ZeroCostAllowed"
"","20613","EditQRCodeOfActiveStock_MaxLength","TestX","2026-10-07","passed","2026-10-07","Stock_CatalogueTest","PeoTest","Stock_CatalogueTest","EditQRCodeOfActiveStock_MaxLength"
"","23657","Test","TestX","2026-10-07","passed","2026-10-07","DrillbitsTest","PeoTest","DrillbitsTest","Test"
"","18776","EditInformationExistingActiveProductionShiftGroup","TestX","2026-10-07","failed","2026-10-07","Production_Shift_GroupTest","PeoTest","Production_Shift_GroupTest","EditInformationExistingActiveProductionShiftGroup"
"","13257","selectMovementType1","TestX","2026-10-07","broken","2026-10-07","AddNewMovementTest","PeoTest","AddNewMovementTest","selectMovementType1"
"","18101","AddNewProductionShiftGroupWithBlankName","TestX","2026-10-07","passed","2026-10-07","Production_Shift_GroupTest","PeoTest","Production_Shift_GroupTest","AddNewProductionShiftGroupWithBlankName"
"","20353","Test","TestX","2026-10-07","passed","2026-10-07","Production_Shift_GroupTest","PeoTest","Production_Shift_GroupTest","Test"
"","25070","AddStockItemWithCostZero","TestX","2026-10-07","passed","2026-10-07","Stock_CatalogueTest","PeoTest","Stock_CatalogueTest","AddStockItemWithCostZero"
"Edit SubType: Cost cannot be negative
","45194","Test_EditSubType_Rule4_NegativeCostError","TestX","2026-10-07","broken","2026-10-08","StockItemSubTypeTest","PeoTest","StockItemSubTypeTest","Test_EditSubType_Rule4_NegativeCostError"
"","25146","EditDescriptionOfActiveStock_WithSpecialCharacters","TestX","2026-10-07","passed","2026-10-07","Stock_CatalogueTest","PeoTest","Stock_CatalogueTest","EditDescriptionOfActiveStock_WithSpecialCharacters"
"","14095","TestFilterByEquipmentExits","TestX","2026-10-07","passed","2026-10-07","DrillbitsTest","PeoTest","DrillbitsTest","TestFilterByEquipmentExits"
"","19567","AddNewProductionShiftGroupWithInactiveStatus","TestX","2026-10-07","passed","2026-10-07","Production_Shift_GroupTest","PeoTest","Production_Shift_GroupTest","AddNewProductionShiftGroupWithInactiveStatus"
"Edit SubType with Blank Cost
","44493","Test_EditSubType_WithBlankCost","TestX","2026-10-08","broken","2026-10-08","StockItemSubTypeTest","PeoTest","StockItemSubTypeTest","Test_EditSubType_WithBlankCost"
"","20579","DeleteActiveStock","TestX","2026-10-07","passed","2026-10-07","Stock_CatalogueTest","PeoTest","Stock_CatalogueTest","DeleteActiveStock"
"","17264","SearchwithInvalidValue","TestX","2026-10-07","passed","2026-10-07","Production_Shift_GroupTest","PeoTest","Production_Shift_GroupTest","SearchwithInvalidValue"
"","20292","EditCostOfActiveStock_NullCost","TestX","2026-10-07","passed","2026-10-07","Stock_CatalogueTest","PeoTest","Stock_CatalogueTest","EditCostOfActiveStock_NullCost"
"","27146","Test","TestX","2026-10-07","passed","2026-10-07","Production_Shift_Type_ConfigTest","PeoTest","Production_Shift_Type_ConfigTest","Test"
"","21263","EditUnitsOfActiveStock_NonExistingUnit","TestX","2026-10-07","broken","2026-10-07","Stock_CatalogueTest","PeoTest","Stock_CatalogueTest","EditUnitsOfActiveStock_NonExistingUnit"
"","25521","AddStockItemWithSpecialCharactersInName","TestX","2026-10-07","passed","2026-10-07","Stock_CatalogueTest","PeoTest","Stock_CatalogueTest","AddStockItemWithSpecialCharactersInName"
"Edit SubType with Blank Sequence
","20820","Test_EditSubType_WithBlankSequence","TestX","2026-10-08","passed","2026-10-08","StockItemSubTypeTest","PeoTest","StockItemSubTypeTest","Test_EditSubType_WithBlankSequence"
"","43639","TestFilterByInvalidDateRange","TestX","2026-10-07","broken","2026-10-07","DrillbitsTest","PeoTest","DrillbitsTest","TestFilterByInvalidDateRange"
"","18283","AddNewProductionShiftGroupWithActiveStatus","TestX","2026-10-07","passed","2026-10-07","Production_Shift_GroupTest","PeoTest","Production_Shift_GroupTest","AddNewProductionShiftGroupWithActiveStatus"
"Edit SubType with blank name
","18859","Test_EditSubType_WithBlankName","TestX","2026-10-08","passed","2026-10-08","StockItemSubTypeTest","PeoTest","StockItemSubTypeTest","Test_EditSubType_WithBlankName"
"","29098","AddStockItemWithValidData","TestX","2026-10-07","passed","2026-10-07","DemoTest","PeoTest","DemoTest","AddStockItemWithValidData"
"","16005","Test","TestX","2026-10-07","passed","2026-10-07","DemoTest","PeoTest","DemoTest","Test"
"","12517","TestFilterByBitNumberExits","TestX","2026-10-07","passed","2026-10-07","DrillbitsTest","PeoTest","DrillbitsTest","TestFilterByBitNumberExits"
"","19626","selectMovementType","TestX","2026-10-07","broken","2026-10-07","AddNewMovementTest","PeoTest","AddNewMovementTest","selectMovementType"
"","21645","EditNameOfActiveStock_BlankName","TestX","2026-10-07","passed","2026-10-07","Stock_CatalogueTest","PeoTest","Stock_CatalogueTest","EditNameOfActiveStock_BlankName"
"","26972","EditCategoryOfInactiveStock_ValidCategory","TestX","2026-10-07","passed","2026-10-07","Stock_CatalogueTest","PeoTest","Stock_CatalogueTest","EditCategoryOfInactiveStock_ValidCategory"
"","18373","EditQrCodeOfActiveStock2","TestX","2026-10-07","failed","2026-10-07","Stock_CatalogueTest","PeoTest","Stock_CatalogueTest","EditQrCodeOfActiveStock2"
"","18597","AddStockItemWithCostContainsNonNumericCharacters","TestX","2026-10-07","passed","2026-10-07","Stock_CatalogueTest","PeoTest","Stock_CatalogueTest","AddStockItemWithCostContainsNonNumericCharacters"
"","18548","AddStockItemWithBlankName","TestX","2026-10-07","passed","2026-10-07","Stock_CatalogueTest","PeoTest","Stock_CatalogueTest","AddStockItemWithBlankName"
"","22819","ResetFilter_ClearsAllFiltersAndShowsAllResults","TestX","2026-10-07","failed","2026-10-07","Stock_CatalogueTest","PeoTest","Stock_CatalogueTest","ResetFilter_ClearsAllFiltersAndShowsAllResults"
"Boundary: Cost equals zero is allowed
","16359","Test_Boundary_ZeroCostAllowed","TestX","2026-10-07","passed","2026-10-07","StockItemSubTypeTest","PeoTest","StockItemSubTypeTest","Test_Boundary_ZeroCostAllowed"
"Boundary: Large cost value
","19282","Test_Boundary_LargeCostValue","TestX","2026-10-07","passed","2026-10-07","StockItemSubTypeTest","PeoTest","StockItemSubTypeTest","Test_Boundary_LargeCostValue"
"","13259","selectMovementType4","TestX","2026-10-07","broken","2026-10-07","AddNewMovementTest","PeoTest","AddNewMovementTest","selectMovementType4"
"","20523","AddStockItemWithValidData","TestX","2026-10-07","passed","2026-10-07","Stock_CatalogueTest","PeoTest","Stock_CatalogueTest","AddStockItemWithValidData"
"Rule 3c: Sequence field is required - Error msg: This field is required
","18469","Test_Rule3c_SequenceFieldRequired","TestX","2026-10-08","passed","2026-10-08","StockItemSubTypeTest","PeoTest","StockItemSubTypeTest","Test_Rule3c_SequenceFieldRequired"
"","12388","Test","TestX","2026-10-07","broken","2026-10-07","AddNewMovementTest","PeoTest","AddNewMovementTest","Test"
"","24477","EditPartNumberOfActiveStock_WithSpecialCharacters","TestX","2026-10-07","passed","2026-10-07","Stock_CatalogueTest","PeoTest","Stock_CatalogueTest","EditPartNumberOfActiveStock_WithSpecialCharacters"
"Rule 5b: Cost with special characters - Error msg: Please enter a valid number
","18314","Test_Rule5b_CostWithSpecialCharacters","TestX","2026-10-08","passed","2026-10-08","StockItemSubTypeTest","PeoTest","StockItemSubTypeTest","Test_Rule5b_CostWithSpecialCharacters"
"","18478","AddStockItemWithBlankCost","TestX","2026-10-07","passed","2026-10-07","Stock_CatalogueTest","PeoTest","Stock_CatalogueTest","AddStockItemWithBlankCost"
"","15134","Test","TestX","2026-10-07","passed","2026-10-07","Stock_CatalogueTest","PeoTest","Stock_CatalogueTest","Test"
"","20612","EditNameOfActiveStock_ValidName","TestX","2026-10-07","passed","2026-10-07","Stock_CatalogueTest","PeoTest","Stock_CatalogueTest","EditNameOfActiveStock_ValidName"
"","21017","EditDescriptionOfActiveStock_MaxLength","TestX","2026-10-07","passed","2026-10-07","Stock_CatalogueTest","PeoTest","Stock_CatalogueTest","EditDescriptionOfActiveStock_MaxLength"
"Edit SubType: Cost must be numeric
","15406","Test_EditSubType_Rule5_InvalidCostFormat","TestX","2026-10-08","broken","2026-10-08","StockItemSubTypeTest","PeoTest","StockItemSubTypeTest","Test_EditSubType_Rule5_InvalidCostFormat"
"","17669","AddStockItemWithCostSmallerThan0","TestX","2026-10-07","failed","2026-10-07","Stock_CatalogueTest","PeoTest","Stock_CatalogueTest","AddStockItemWithCostSmallerThan0"
"","33949","EditCostOfActiveStock_NegativeCost","TestX","2026-10-07","failed","2026-10-07","DemoTest","PeoTest","DemoTest","EditCostOfActiveStock_NegativeCost"
"","22014","EditPartNumberOfActiveStock_NullPartNumber","TestX","2026-10-07","passed","2026-10-07","Stock_CatalogueTest","PeoTest","Stock_CatalogueTest","EditPartNumberOfActiveStock_NullPartNumber"
"","21658","TestDeleteShiftType","TestX","2026-10-07","passed","2026-10-07","Production_Shift_Type_ConfigTest","PeoTest","Production_Shift_Type_ConfigTest","TestDeleteShiftType"
"","19519","AddStockItemWithNameAlreadyExistsDifferentStatus","TestX","2026-10-07","passed","2026-10-07","Stock_CatalogueTest","PeoTest","Stock_CatalogueTest","AddStockItemWithNameAlreadyExistsDifferentStatus"
"","21126","EditCategoryOfActiveStock_ValidCategory","TestX","2026-10-07","passed","2026-10-07","Stock_CatalogueTest","PeoTest","Stock_CatalogueTest","EditCategoryOfActiveStock_ValidCategory"
"","21578","EditQRCodeOfActiveStock1","TestX","2026-10-07","failed","2026-10-07","Stock_CatalogueTest","PeoTest","Stock_CatalogueTest","EditQRCodeOfActiveStock1"
"","51388","EditInformationExistingInActiveProductionShiftGroup","TestX","2026-10-07","broken","2026-10-07","Production_Shift_GroupTest","PeoTest","Production_Shift_GroupTest","EditInformationExistingInActiveProductionShiftGroup"
"","25136","SearchWithPartNumberFilterOnly_DisplaysCorrectResults","TestX","2026-10-07","passed","2026-10-07","Stock_CatalogueTest","PeoTest","Stock_CatalogueTest","SearchWithPartNumberFilterOnly_DisplaysCorrectResults"
"","20190","EditPartNumberOfActiveStock_MaxLengthValue","TestX","2026-10-07","passed","2026-10-07","Stock_CatalogueTest","PeoTest","Stock_CatalogueTest","EditPartNumberOfActiveStock_MaxLengthValue"
"","13910","TestFilterByBitNumberNotExits","TestX","2026-10-07","passed","2026-10-07","DrillbitsTest","PeoTest","DrillbitsTest","TestFilterByBitNumberNotExits"
"","11523","TestPagination","TestX","2026-10-07","passed","2026-10-07","DrillbitsTest","PeoTest","DrillbitsTest","TestPagination"
